{
  "id": "teo_0001",
  "tipo": "teorema",
  "titulo": "Bolzano-Weierstrass",
  "contenido_latex": "Toda sucesión acotada en \\( \\mathbb{R}^n \\) tiene una subsucesión convergente.",
  "categoria": [
    "Análisis Real"
  ],
  "tags": [
    "sucesión",
    "convergencia",
    "acotamiento"
  ],
  "referencia": {
    "autor": "Apostol",
    "año": 1974,
    "obra": "Mathematical Analysis",
    "capitulo": 3,
    "página": 85,
    "bibkey": "apostol1974"
  },
  "bibtex_entry": "@book{apostol1974,\n  author = {Apostol, Tom M.},\n  title = {Mathematical Analysis},\n  year = {1974},\n  publisher = {Addison-Wesley}\n}",
  "dependencias": [
    "def_0003",
    "def_0012"
  ],
  "demostracion": {
    "pasos": [
      {
        "descripcion": "Sea \\( (x_n) \\) una sucesión acotada. \\",
        "referencias": [
          "def_0003"
        ]
      },
      {
        "descripcion": "Entonces, por Bolzano-Weierstrass... \\",
        "referencias": [
          "lem_0021"
        ]
      },
      {
        "descripcion": "Existe una subsucesión convergente. \\",
        "referencias": [
          "def_0012"
        ]
      }
    ],
    "referencia_textual": "Apostol, Capítulo 3, página 85"
  },
  "enlaces_salida": ["def_0003", "def_0012", "lem_0021"],
  "enlaces_entrada": ["ej_0001"],
  "comentario_personal": "Este teorema me parece esencial para introducir la noción de compacidad y la idea intuitiva de que 'algo se queda cerca'. Siempre uso este resultado para motivar subsecuencias convergentes cuando la convergencia global falla.",
  "inspirado_en": ["def_0003"],
  "creado_a_partir_de": "Discusión en clase sobre sucesiones y límites. Presentado como parte del tema de convergencia en espacios métricos."
}

